<?xml version="1.0" encoding="UTF-8" ?>
<!DOCTYPE mapper
        PUBLIC "-//mybatis.org//DTD Mapper 3.0//EN"
        "http://mybatis.org/dtd/mybatis-3-mapper.dtd">
<mapper namespace="com.example.studentsystem.mapper.student.StudentMapper">

    <!-- 查询学生详细信息（关联user、class、major） -->
    <select id="findStudentDetailByUserId" resultType="com.example.studentsystem.pojo.Student">
        SELECT
            s.id,
            s.student_number,
            s.class_id,
            u.username,
            u.real_name,
            u.gender,
            u.age,
            u.role,
            c.class_name,
            c.grade,
            m.major_name
        FROM student s
                 JOIN user u ON s.id = u.id
                 JOIN class c ON s.class_id = c.id
                 JOIN major m ON c.major_id = m.id
        WHERE s.id = #{userId}
    </select>

    <!-- 查询学生所选课程信息（课程+教师+学分+课时） -->
    <select id="findCourseInfoByStudentId" resultType="com.example.studentsystem.dto.StudentCourseInfoDTO">
        SELECT
            c.course_name AS courseName,
            u.real_name AS teacherName,
            c.credit AS credit,
            c.period AS period
        FROM student s
                 JOIN class_course cc ON s.class_id = cc.class_id
                 JOIN course c ON cc.course_id = c.id
                 JOIN teacher t ON cc.teacher_id = t.id
                 JOIN user u ON t.id = u.id
        WHERE s.id = #{studentId}
    </select>


    <!-- 查询学生成绩，可根据课程名模糊查询，返回课程名、成绩、是否异常、学分、授课教师 -->
    <select id="findScoresByStudentIdAndCourseName"
            resultType="com.example.studentsystem.dto.ScoreQueryDTO">
        SELECT
        c.course_name AS courseName,
        sc.score AS score,
        sc.is_abnormal AS abnormal,
        c.credit AS credit,
        u.real_name AS teacherName
        FROM score sc
        JOIN class_course cc ON sc.class_course_id = cc.id
        JOIN course c ON cc.course_id = c.id
        JOIN user u ON cc.teacher_id = u.id
        WHERE sc.student_id = #{studentId}
        <if test="courseName != null and courseName != ''">
            AND c.course_name LIKE CONCAT('%', #{courseName}, '%')
        </if>
    </select>

</mapper>
