<?xml version="1.0" encoding="UTF-8" ?>
<!DOCTYPE configuration
        PUBLIC "-//mybatis.org//DTD Config 3.0//EN"
        "http://mybatis.org/dtd/mybatis-3-config.dtd">
<configuration>
    <!-- 驼峰映射 -->
    <settings>
        <setting name="mapUnderscoreToCamelCase" value="true"/>
    </settings>

    <!-- 实体类别名 -->
    <typeAliases>
        <package name="com.example.studentsystem.pojo"/>
    </typeAliases>

    <!-- 如果用XML配置Mapper接口，可以写如下 -->

    <mappers>
        <package name="com.example.studentsystem.mapper"/>
    </mappers>

</configuration>
