<?xml version="1.0" encoding="UTF-8"?>
    <beans xmlns="http://www.springframework.org/schema/beans"
           xmlns:context="http://www.springframework.org/schema/context"
           xmlns:tx="http://www.springframework.org/schema/tx"
           xmlns:xsi="http://www.w3.org/2001/XMLSchema-instance"
           xsi:schemaLocation="
             http://www.springframework.org/schema/beans
             https://www.springframework.org/schema/beans/spring-beans.xsd
             http://www.springframework.org/schema/context
             https://www.springframework.org/schema/context/spring-context.xsd
             http://www.springframework.org/schema/tx
             https://www.springframework.org/schema/tx/spring-tx.xsd">

        <context:property-placeholder location="classpath:db.properties"/>

        <bean id="dataSource" class="com.zaxxer.hikari.HikariDataSource">
            <property name="driverClassName" value="${jdbc.driverClassName}"/>
            <property name="jdbcUrl" value="${jdbc.url}"/>
            <property name="username" value="${jdbc.username}"/>
            <property name="password" value="${jdbc.password}"/>
        </bean>

        <bean id="sqlSessionFactory" class="org.mybatis.spring.SqlSessionFactoryBean">
            <property name="dataSource" ref="dataSource"/>
            <property name="configLocation" value="classpath:mybatis-config.xml"/>
            <property name="mapperLocations" value="classpath*:mapper/**/*.xml"/>
        </bean>

        <bean class="org.mybatis.spring.mapper.MapperScannerConfigurer">
            <property name="basePackage" value="com.example.studentsystem.mapper"/>
            <property name="sqlSessionFactoryBeanName" value="sqlSessionFactory"/>
        </bean>

        <bean id="transactionManager" class="org.springframework.jdbc.datasource.DataSourceTransactionManager">
            <property name="dataSource" ref="dataSource"/>
        </bean>

        <tx:annotation-driven transaction-manager="transactionManager"/>

        <context:component-scan base-package="com.example.studentsystem.service"/>
    </beans>
