<?xml version="1.0" encoding="UTF-8" ?>
<!DOCTYPE mapper
        PUBLIC "-//mybatis.org//DTD Mapper 3.0//EN"
        "http://mybatis.org/dtd/mybatis-3-mapper.dtd">
<mapper namespace="com.example.studentsystem.mapper.teacher.TeacherMapper">

    <!-- 查询教师详细信息（关联 user 和 teacher 表） -->
    <select id="findTeacherDetailByUserId" resultType="com.example.studentsystem.pojo.Teacher">
        SELECT
            t.id,
            t.employee_number,
            u.username,
            u.real_name,
            u.gender,
            u.age,
            u.role
        FROM teacher t
                 JOIN user u ON t.id = u.id
        WHERE t.id = #{userId}
    </select>

    <!-- 查询教师所授课程信息（包括课程名、班级名、学分、课时） -->
    <select id="findCourseInfoByTeacherId" resultType="com.example.studentsystem.dto.TeacherCourseInfoDTO">
        SELECT
            c.course_name AS courseName,
            cl.class_name AS className,
            c.credit AS credit,
            c.period AS period
        FROM class_course cc
                 JOIN course c ON cc.course_id = c.id
                 JOIN class cl ON cc.class_id = cl.id
        WHERE cc.teacher_id = #{teacherId}
    </select>

    <!-- 教师查询成绩，支持按班级名、学号、课程名模糊查询 -->
    <select id="findScoresByTeacherAndConditions" resultType="com.example.studentsystem.dto.TeacherScoreDTO">
        SELECT
        sc.id AS scoreId,          <!-- 新增这一行 -->
        u.real_name AS studentName,
        s.student_number AS studentNumber,
        cl.class_name AS className,
        c.course_name AS courseName,
        sc.score AS score,
        c.credit AS credit
        FROM score sc
        JOIN student s ON sc.student_id = s.id
        JOIN user u ON s.id = u.id
        JOIN class_course cc ON sc.class_course_id = cc.id
        JOIN course c ON cc.course_id = c.id
        JOIN class cl ON cc.class_id = cl.id
        WHERE cc.teacher_id = #{teacherId}
        <if test="className != null and className.trim() != ''">
            AND cl.class_name LIKE CONCAT('%', #{className}, '%')
        </if>
        <if test="studentNumber != null and studentNumber.trim() != ''">
            AND s.student_number LIKE CONCAT('%', #{studentNumber}, '%')
        </if>
        <if test="courseName != null and courseName.trim() != ''">
            AND c.course_name LIKE CONCAT('%', #{courseName}, '%')
        </if>
        ORDER BY cl.class_name, u.real_name, c.course_name
    </select>


    <!-- 判断成绩ID是否属于当前教师（权限验证） -->
    <select id="checkScoreBelongsToTeacher" resultType="int" parameterType="map">
        SELECT COUNT(1)
        FROM score sc
                 JOIN class_course cc ON sc.class_course_id = cc.id
        WHERE cc.teacher_id = #{teacherId}
          AND sc.id = #{scoreId}
    </select>

    <!-- 更新成绩 -->
    <update id="updateScore" parameterType="map">
        UPDATE score
        SET score = #{score}
        WHERE id = #{scoreId}
    </update>


</mapper>
