<?xml version="1.0" encoding="UTF-8"?>
<!DOCTYPE mapper
        PUBLIC "-//mybatis.org//DTD Mapper 3.0//EN"
        "http://mybatis.org/dtd/mybatis-3-mapper.dtd">

<mapper namespace="com.example.studentsystem.mapper.admin.AdminUserMapper">

    <!-- 结果映射：将列名与 POJO 属性对应 -->
    <resultMap id="BaseResultMap" type="com.example.studentsystem.pojo.AdminUser">
        <id     column="id"         property="id"/>
        <result column="username"   property="username"/>
        <result column="password"   property="password"/>
        <result column="real_name"  property="realName"/>
    </resultMap>

    <!-- 按主键查询 -->
    <select id="selectById" resultMap="BaseResultMap">
        SELECT id, username, password, real_name
        FROM admin_user
        WHERE id = #{id}
    </select>

    <!-- 按用户名查询 -->
    <select id="findByUsername" resultMap="BaseResultMap">
        SELECT id, username, password, real_name
        FROM admin_user
        WHERE username = #{username}
    </select>

    <!-- 查询所有管理员 -->
    <select id="selectAll" resultMap="BaseResultMap">
        SELECT id, username, password, real_name
        FROM admin_user
        ORDER BY id
    </select>

    <!-- 插入新管理员，使用数据库自增主键 -->
    <insert id="insert" parameterType="com.example.studentsystem.pojo.AdminUser"
            useGeneratedKeys="true" keyProperty="id">
        INSERT INTO admin_user (username, password, real_name)
        VALUES (#{username}, #{password}, #{realName})
    </insert>

    <!-- 根据主键更新密码 -->
    <update id="updatePassword">
        UPDATE admin_user
        SET password = #{password}
        WHERE id = #{id}
    </update>

    <!-- 根据主键更新管理员信息 -->
    <update id="update" parameterType="com.example.studentsystem.pojo.AdminUser">
        UPDATE admin_user
        SET
            username = #{username},
            password = #{password},
            real_name = #{realName}
        WHERE id = #{id}
    </update>

    <!-- 删除指定管理员 -->
    <delete id="deleteById">
        DELETE FROM admin_user
        WHERE id = #{id}
    </delete>

</mapper>
