<?xml version="1.0" encoding="UTF-8" ?>
<!DOCTYPE mapper PUBLIC "-//mybatis.org//DTD Mapper 3.0//EN"
        "http://mybatis.org/dtd/mybatis-3-mapper.dtd">

<mapper namespace="com.example.studentsystem.mapper.admin.ClassCourseMapper">

    <select id="getAllClassCourses" resultType="com.example.studentsystem.pojo.ClassCourse">
        SELECT cc.id, cc.class_id, cc.course_id, cc.teacher_id,
               c.class_name, crs.course_name, u.real_name AS teacher_name
        FROM class_course cc
                 JOIN class c ON cc.class_id = c.id
                 JOIN course crs ON cc.course_id = crs.id
                 JOIN user u ON cc.teacher_id = u.id
    </select>

    <select id="getClassCourseById" parameterType="int" resultType="com.example.studentsystem.pojo.ClassCourse">
        SELECT cc.id, cc.class_id, cc.course_id, cc.teacher_id
        FROM class_course cc WHERE cc.id = #{id}
    </select>

    <insert id="addClassCourse" parameterType="com.example.studentsystem.pojo.ClassCourse" useGeneratedKeys="true" keyProperty="id">
        INSERT INTO class_course (class_id, course_id, teacher_id)
        VALUES (#{classId}, #{courseId}, #{teacherId})
    </insert>

    <update id="updateClassCourse" parameterType="com.example.studentsystem.pojo.ClassCourse">
        UPDATE class_course
        SET class_id = #{classId},
            course_id = #{courseId},
            teacher_id = #{teacherId}
        WHERE id = #{id}
    </update>

    <delete id="deleteClassCourse" parameterType="int">
        DELETE FROM class_course WHERE id = #{id}
    </delete>

    <insert id="insertEmptyScoresForClassCourse">
        INSERT INTO score (student_id, class_course_id, score, is_abnormal)
        SELECT s.id, #{classCourseId}, NULL, 0
        FROM student s
        WHERE s.class_id = #{classId}
    </insert>

    <!-- 新增：删除某学生某课程的成绩记录 -->
    <delete id="deleteScoreByStudentAndClassCourse" parameterType="map">
        DELETE FROM score
        WHERE student_id = #{studentId} AND class_course_id = #{classCourseId}
    </delete>


    <delete id="deleteScoresByClassCourseId">
        DELETE FROM score WHERE class_course_id = #{classCourseId}
    </delete>

    <!-- 新增：根据班级ID查询所有class_course记录 -->
    <select id="getClassCoursesByClassId" resultType="com.example.studentsystem.pojo.ClassCourse" parameterType="int">
        SELECT * FROM class_course WHERE class_id = #{classId}
    </select>

    <!-- 新增：插入某学生的初始成绩记录 -->
    <insert id="insertEmptyScoreForStudent" parameterType="map">
        INSERT INTO score (student_id, class_course_id, score, is_abnormal)
        VALUES (#{studentId}, #{classCourseId}, NULL, 0)
    </insert>

</mapper>
