<?xml version="1.0" encoding="UTF-8" ?>
<!DOCTYPE mapper
        PUBLIC "-//mybatis.org//DTD Mapper 3.0//EN"
        "http://mybatis.org/dtd/mybatis-3-mapper.dtd">

<mapper namespace="com.example.studentsystem.mapper.admin.ClassMapper">

    <!-- 查询班级列表 -->
    <select id="getClasses" resultType="com.example.studentsystem.pojo.Class">
        SELECT * FROM class
        <where>
            <if test="grade != null and grade != ''">
                AND grade = #{grade}
            </if>
            <if test="majorId != null">
                AND major_id = #{majorId}
            </if>
        </where>
        ORDER BY id DESC
        LIMIT #{limit} OFFSET #{offset}
    </select>

    <!-- 统计班级数量 -->
    <select id="countClasses" resultType="int">
        SELECT COUNT(*) FROM class
        <where>
            <if test="grade != null and grade != ''">
                AND grade = #{grade}
            </if>
            <if test="majorId != null">
                AND major_id = #{majorId}
            </if>
        </where>
    </select>

    <!-- 通过 ID 获取班级 -->
    <select id="getClassById" resultType="com.example.studentsystem.pojo.Class">
        SELECT * FROM class WHERE id = #{id}
    </select>

    <!-- 添加班级 -->
    <insert id="addClass">
        INSERT INTO class (class_name, grade, major_id, class_number)
        VALUES (#{className}, #{grade}, #{majorId}, #{classNumber})
    </insert>

    <!-- 修改班级 -->
    <update id="updateClass">
        UPDATE class
        SET class_name = #{className},
            grade = #{grade},
            major_id = #{majorId},
            class_number = #{classNumber}
        WHERE id = #{id}
    </update>

    <!-- 删除班级 -->
    <delete id="deleteClass">
        DELETE FROM class WHERE id = #{id}
    </delete>

    <!-- 查询所有班级 -->
    <select id="getAllClasses" resultType="com.example.studentsystem.pojo.Class">
        SELECT * FROM class ORDER BY id DESC
    </select>

    <!-- ================= 新增功能 ================= -->

    <!-- 1. 获取某班级的学生列表 -->
    <select id="getStudentsByClassId" resultType="com.example.studentsystem.pojo.User">
        SELECT u.*, s.student_number AS studentNumber
        FROM user u
                 JOIN student s ON u.id = s.id
        WHERE s.class_id = #{classId}
    </select>

    <!-- 2. 更新学生的班级ID（添加或移除） -->
    <update id="updateStudentClassId">
        UPDATE student
        SET class_id = #{classId}
        WHERE id = #{studentId}
    </update>

    <!-- 3. 查询未加入任何班级的学生 -->
    <select id="getStudentsWithoutClass" resultType="com.example.studentsystem.pojo.User">
        SELECT u.*, s.student_number AS studentNumber
        FROM user u
                 JOIN student s ON u.id = s.id
        WHERE s.class_id IS NULL
    </select>

</mapper>
