<?xml version="1.0" encoding="UTF-8" ?>
<!DOCTYPE mapper PUBLIC "-//mybatis.org//DTD Mapper 3.0//EN"
        "http://mybatis.org/dtd/mybatis-3-mapper.dtd">

<mapper namespace="com.example.studentsystem.mapper.admin.CourseMapper">

    <select id="getAllCourses" resultType="com.example.studentsystem.pojo.Course">
        SELECT id, course_name AS courseName, credit, period FROM course
    </select>

    <select id="getCourseById" parameterType="int" resultType="com.example.studentsystem.pojo.Course">
        SELECT id, course_name AS courseName, credit, period FROM course WHERE id = #{id}
    </select>

    <insert id="addCourse" parameterType="com.example.studentsystem.pojo.Course" useGeneratedKeys="true" keyProperty="id">
        INSERT INTO course(course_name, credit, period)
        VALUES (#{courseName}, #{credit}, #{period})
    </insert>

    <update id="updateCourse" parameterType="com.example.studentsystem.pojo.Course">
        UPDATE course
        SET course_name = #{courseName},
            credit = #{credit},
            period = #{period}
        WHERE id = #{id}
    </update>

    <delete id="deleteCourseById" parameterType="int">
        DELETE FROM course WHERE id = #{id}
    </delete>

</mapper>

