<?xml version="1.0" encoding="UTF-8" ?>
<!DOCTYPE mapper
        PUBLIC "-//mybatis.org//DTD Mapper 3.0//EN"
        "http://mybatis.org/dtd/mybatis-3-mapper.dtd">

<mapper namespace="com.example.studentsystem.mapper.admin.MajorMapper">

    <select id="getAllMajors" resultType="com.example.studentsystem.pojo.Major">
        SELECT id, major_name AS majorName
        FROM major
        ORDER BY id
    </select>

    <insert id="addMajor" parameterType="com.example.studentsystem.pojo.Major" useGeneratedKeys="true" keyProperty="id">
        INSERT INTO major (major_name)
        VALUES (#{majorName})
    </insert>

    <update id="updateMajor" parameterType="com.example.studentsystem.pojo.Major">
        UPDATE major
        SET major_name = #{majorName}
        WHERE id = #{id}
    </update>

    <delete id="deleteMajorById" parameterType="int">
        DELETE FROM major WHERE id = #{id}
    </delete>

    <select id="getMajorById" parameterType="int" resultType="com.example.studentsystem.pojo.Major">
        SELECT id, major_name AS majorName
        FROM major
        WHERE id = #{id}
    </select>

    <select id="getClassesByMajorId" parameterType="int" resultType="com.example.studentsystem.pojo.Class">
        SELECT c.id, c.class_name AS className, c.grade, c.major_id AS majorId, c.class_number AS classNumber,
               m.major_name AS majorName
        FROM class c
                 LEFT JOIN major m ON c.major_id = m.id
        WHERE c.major_id = #{majorId}
        ORDER BY c.grade, c.class_name
    </select>


</mapper>
