<?xml version="1.0" encoding="UTF-8"?>
<!DOCTYPE mapper
        PUBLIC "-//mybatis.org//DTD Mapper 3.0//EN"
        "http://mybatis.org/dtd/mybatis-3-mapper.dtd">
<mapper namespace="com.example.studentsystem.mapper.admin.ScoreMapper">

    <select id="getAllScores" resultType="com.example.studentsystem.pojo.ScoreView">
        SELECT s.id, u.real_name AS studentName, st.student_number AS studentNumber,
        c.class_number AS classNumber, co.course_name AS courseName,
        s.score, 100 AS maxScore,
        s.is_abnormal AS isAbnormal
        FROM score s
        JOIN user u ON s.student_id = u.id
        JOIN student st ON u.id = st.id
        JOIN class c ON st.class_id = c.id
        JOIN class_course cc ON s.class_course_id = cc.id
        JOIN course co ON cc.course_id = co.id
        <where>
            <if test="classNumber != null and classNumber != ''">
                AND c.class_number LIKE CONCAT('%', #{classNumber}, '%')
            </if>
            <if test="studentNumber != null and studentNumber != ''">
                AND st.student_number LIKE CONCAT('%', #{studentNumber}, '%')
            </if>
            <if test="courseName != null and courseName != ''">
                AND co.course_name LIKE CONCAT('%', #{courseName}, '%')
            </if>
            <if test="isAbnormal != null">
                AND s.is_abnormal = #{isAbnormal}
            </if>
        </where>
        ORDER BY s.id DESC
        LIMIT #{offset}, #{size}
    </select>

    <select id="getScoreCount" resultType="int">
        SELECT COUNT(*)
        FROM score s
        JOIN user u ON s.student_id = u.id
        JOIN student st ON u.id = st.id
        JOIN class c ON st.class_id = c.id
        JOIN class_course cc ON s.class_course_id = cc.id
        JOIN course co ON cc.course_id = co.id
        <where>
            <if test="classNumber != null and classNumber != ''">
                AND c.class_number LIKE CONCAT('%', #{classNumber}, '%')
            </if>
            <if test="studentNumber != null and studentNumber != ''">
                AND st.student_number LIKE CONCAT('%', #{studentNumber}, '%')
            </if>
            <if test="courseName != null and courseName != ''">
                AND co.course_name LIKE CONCAT('%', #{courseName}, '%')
            </if>
            <if test="isAbnormal != null">
                AND s.is_abnormal = #{isAbnormal}
            </if>
        </where>
    </select>

    <select id="getScoreById" resultType="com.example.studentsystem.pojo.ScoreView">
        SELECT s.id, u.real_name AS studentName, st.student_number AS studentNumber,
               c.class_number AS classNumber, co.course_name AS courseName,
               s.score, 100 AS maxScore,
               s.is_abnormal AS isAbnormal
        FROM score s
                 JOIN user u ON s.student_id = u.id
                 JOIN student st ON u.id = st.id
                 JOIN class c ON st.class_id = c.id
                 JOIN class_course cc ON s.class_course_id = cc.id
                 JOIN course co ON cc.course_id = co.id
        WHERE s.id = #{id}
    </select>

    <update id="updateAbnormalStatus" parameterType="map">
        UPDATE score SET is_abnormal = #{isAbnormal} WHERE id = #{id}
    </update>

</mapper>
