<?xml version="1.0" encoding="UTF-8" ?>
<!DOCTYPE mapper PUBLIC "-//mybatis.org//DTD Mapper 3.0//EN"
        "http://mybatis.org/dtd/mybatis-3-mapper.dtd">

<mapper namespace="com.example.studentsystem.mapper.admin.UserMapper">

    <resultMap id="userResultMap" type="com.example.studentsystem.pojo.User">
        <id property="id" column="id"/>
        <result property="username" column="username"/>
        <result property="password" column="password"/>
        <result property="role" column="role"/>
        <result property="realName" column="real_name"/>
        <result property="gender" column="gender"/>
        <result property="age" column="age"/>
        <result property="studentNumber" column="student_number"/>
        <result property="employeeNumber" column="employee_number"/>
        <result property="classId" column="class_id"/>
        <result property="className" column="class_name"/>
    </resultMap>

    <insert id="addUser" useGeneratedKeys="true" keyProperty="id">
        INSERT INTO user (username, password, role, real_name, gender, age)
        VALUES (#{username}, #{password}, #{role}, #{realName}, #{gender}, #{age})
    </insert>

    <update id="updateUser">
        UPDATE user SET
                        username = #{username},
                        password = #{password},
                        role = #{role},
                        real_name = #{realName},
                        gender = #{gender},
                        age = #{age}
        WHERE id = #{id}
    </update>

    <update id="updateUserWithPassword">
        UPDATE user SET
                        username = #{username},
                        password = #{password},
                        role = #{role},
                        real_name = #{realName},
                        gender = #{gender},
                        age = #{age}
        WHERE id = #{id}
    </update>

    <update id="updateUserWithoutPassword">
        UPDATE user SET
                        username = #{username},
                        role = #{role},
                        real_name = #{realName},
                        gender = #{gender},
                        age = #{age}
        WHERE id = #{id}
    </update>

    <delete id="deleteUser">
        DELETE FROM user WHERE id = #{id}
    </delete>

    <select id="getUsers" resultMap="userResultMap" parameterType="map">
        SELECT u.id, u.username, u.password, u.role, u.real_name, u.gender, u.age,
        s.student_number, s.class_id, c.class_name,
        t.employee_number
        FROM user u
        LEFT JOIN student s ON u.id = s.id
        LEFT JOIN class c ON s.class_id = c.id
        LEFT JOIN teacher t ON u.id = t.id
        <where>
            <if test="role != null and role != ''">
                AND u.role = #{role}
            </if>
            <if test="keyword != null and keyword != ''">
                AND (
                u.username LIKE CONCAT('%', #{keyword}, '%')
                OR u.real_name LIKE CONCAT('%', #{keyword}, '%')
                <if test="role == 'student'">
                    OR s.student_number = #{keyword}
                </if>
                <if test="role == 'teacher'">
                    OR t.employee_number = #{keyword}
                </if>
                )
            </if>
        </where>
        ORDER BY u.id
        <if test="limit != null and offset != null">
            LIMIT #{limit} OFFSET #{offset}
        </if>
    </select>

    <select id="countUsers" resultType="int" parameterType="map">
        SELECT COUNT(*)
        FROM user u
        LEFT JOIN student s ON u.id = s.id
        LEFT JOIN teacher t ON u.id = t.id
        <where>
            <if test="role != null and role != ''">
                AND u.role = #{role}
            </if>
            <if test="keyword != null and keyword != ''">
                AND (
                u.username LIKE CONCAT('%', #{keyword}, '%')
                OR u.real_name LIKE CONCAT('%', #{keyword}, '%')
                <if test="role == 'student'">
                    OR s.student_number = #{keyword}
                </if>
                <if test="role == 'teacher'">
                    OR t.employee_number = #{keyword}
                </if>
                )
            </if>
        </where>
    </select>

    <select id="getUserById" resultMap="userResultMap" parameterType="int">
        SELECT u.id, u.username, u.password, u.role, u.real_name, u.gender, u.age,
               s.student_number, s.class_id, c.class_name,
               t.employee_number
        FROM user u
                 LEFT JOIN student s ON u.id = s.id
                 LEFT JOIN class c ON s.class_id = c.id
                 LEFT JOIN teacher t ON u.id = t.id
        WHERE u.id = #{id}
    </select>

    <insert id="addStudentWithClass">
        INSERT INTO student (id, student_number, class_id)
        VALUES (#{id}, #{studentNumber}, #{classId})
    </insert>

    <update id="updateStudentWithClass">
        UPDATE student SET student_number = #{studentNumber}, class_id = #{classId} WHERE id = #{id}
    </update>

    <delete id="deleteStudentById">
        DELETE FROM student WHERE id = #{id}
    </delete>

    <insert id="addTeacher">
        INSERT INTO teacher (id, employee_number)
        VALUES (#{id}, #{employeeNumber})
    </insert>

    <update id="updateTeacher">
        UPDATE teacher SET employee_number = #{employeeNumber} WHERE id = #{id}
    </update>

    <delete id="deleteTeacherById">
        DELETE FROM teacher WHERE id = #{id}
    </delete>

    <select id="getStudentClassIdByUserId" resultType="int" parameterType="int">
        SELECT class_id FROM student WHERE id = #{userId}
    </select>

    <!-- 新增：删除某学生所有成绩 -->
    <delete id="deleteScoresByStudentId" parameterType="int">
        DELETE FROM score WHERE student_id = #{studentId}
    </delete>

</mapper>
