<?xml version="1.0" encoding="UTF-8"?>
<beans xmlns="http://www.springframework.org/schema/beans"
       xmlns:mvc="http://www.springframework.org/schema/mvc"
       xmlns:context="http://www.springframework.org/schema/context"
       xmlns:xsi="http://www.w3.org/2001/XMLSchema-instance"
       xsi:schemaLocation="
           http://www.springframework.org/schema/beans
           http://www.springframework.org/schema/beans/spring-beans.xsd
           http://www.springframework.org/schema/context
           http://www.springframework.org/schema/context/spring-context.xsd
           http://www.springframework.org/schema/mvc
           http://www.springframework.org/schema/mvc/spring-mvc.xsd">

    <!-- 扫描所有组件 -->
    <context:component-scan base-package="com.example.studentsystem"/>

    <!-- 启用注解驱动 -->
    <mvc:annotation-driven/>

    <!-- 根路径重定向到登录页 -->
    <mvc:view-controller path="/" view-name="redirect:/common/login"/>

    <!-- 视图解析器 -->
    <bean class="org.springframework.web.servlet.view.InternalResourceViewResolver">
        <property name="prefix" value="/WEB-INF/jsp/"/>
        <property name="suffix" value=".jsp"/>
        <property name="contentType" value="text/html; charset=UTF-8"/>
    </bean>

    <!-- 静态资源映射 -->
    <mvc:resources mapping="/static/**" location="/static/"/>

    <!-- 拦截器配置 -->
    <mvc:interceptors>
        <mvc:interceptor>
            <mvc:mapping path="/admin/**"/>
            <mvc:exclude-mapping path="/admin/login"/>
            <bean class="com.example.studentsystem.interceptor.AdminAuthInterceptor"/>
        </mvc:interceptor>
    </mvc:interceptors>

</beans>
